Sample Id,Assay,Matrix,Customer,ProductionLotNumber,Notes
Brot22-00068,SLM,,,,
Brot22-00069,SLM,,,,
Brot22-00071,SLM,,,,
Brot22-00072,SLM,,,,
Brot22-00073,SLM,,,,
Brot22-00074,SLM,,,,
Cali22-00116,SLM,,,,
Cent22-00031,SLM,,,,
Heri22-00037,SLM,,,,
Heri22-00038,SLM,,,,
OCFl22-00007,SLM,,,,
OCFl22-00008,SLM,,,,
Sand22-00010,SLM,,,,
Sand22-00011,SLM,,,,
Sand22-00012,SLM,,,,
Sand22-00013,SLM,,,,
Simp22-00144,SLM,,,,
Bett22-00009,SLM,,,,
Beyo22-00031,SLM,,,,
Cali22-00114,SLM,,,,
JSLF22-00022,SLM,,,,
OCFl22-00009,SLM,,,,
Sand22-00014,SLM,,,,
Stir22-00300,SLM,,,,
